tier,portfolio_allocation_%,per_stock_allocation_%,weight_multiplier
Strong,95.45918367346938,0.012755102040816325,1.0
Fair,4.540816326530613,0.010204081632653062,0.8
