stock_a,stock_b,corr
8306.T,8316.T,0.8939439063574618
7189.T,8341.T,0.890701505768791
8316.T,8411.T,0.8816095722589313
5832.T,7337.T,0.8784859496809697
7186.T,8331.T,0.8752625890422555
7167.T,7337.T,0.8707488611869821
8306.T,8411.T,0.8687717282881785
7327.T,8334.T,0.8655541704201858
7186.T,8354.T,0.8646319744904123
7322.T,8393.T,0.8618130400540157
5832.T,7167.T,0.8607497143281775
8309.T,8316.T,0.8605868131852072
5830.T,5832.T,0.8597546718688123
7322.T,8386.T,0.8581437048539435
7380.T,8386.T,0.8570952572908621
5832.T,7189.T,0.8565996677454978
7322.T,7380.T,0.85618667166129
7167.T,7180.T,0.8559948584328303
7167.T,7189.T,0.8553118262499927
5831.T,7186.T,0.855105457186303
7186.T,8308.T,0.8546200933101085
7189.T,8524.T,0.8539637034054285
8308.T,8331.T,0.853748818933054
8308.T,8411.T,0.8521543384463501
7167.T,7327.T,0.851367603369831
5832.T,8341.T,0.8503335151755037
5832.T,7180.T,0.8499574922375345
8346.T,8388.T,0.8499422971902793
5832.T,8370.T,0.8495799624402952
8309.T,8411.T,0.8479727743408043
